epoch,train_loss,test_acc@1,test_acc@5
1,6.200553689684186,90.92616673891057,100.0
2,5.925865521506657,91.18624476231759,100.0
3,5.852107275099981,91.22959109955208,100.0
4,5.816809207674057,91.65583008235804,100.0
5,5.798897705380878,91.91590810576507,100.0
