epoch,train_loss,test_acc@1,test_acc@5
1,6.610371186183049,50.49125848865771,100.0
