epoch,train_loss,test_acc@1,test_acc@5
1,7.359818412411597,55.82285796850166,100.0
2,6.9948207947515675,59.2255454414102,100.0
