epoch,train_loss,test_acc@1,test_acc@5
1,6.572758008563329,35.348938014737755,100.0
2,6.194683559357174,40.24707412223667,100.0
3,6.0594254448300315,39.871405866204306,100.0
4,5.935894345480298,39.257332755382166,100.0
5,5.848026707058861,46.09160525935558,100.0
