epoch,train_loss,test_acc@1,test_acc@5
1,4.585635542869568,38.20224719101123,100.0
2,4.47765851020813,38.20224719101123,100.0
3,4.473920226097107,38.20224719101123,100.0
4,4.374646544456482,50.56179775280899,100.0
5,4.276758432388306,56.17977528089888,100.0
