epoch,train_loss,test_acc@1,test_acc@5
1,6.4935789865160745,22.21499783268314,100.0
2,6.130664129105825,29.86562635457304,100.0
3,5.981167165059892,32.82762606559746,100.0
4,5.876827959030393,29.656119057939605,100.0
5,5.8123910540626165,42.16153735009392,100.0
6,5.76487562391493,46.6695564224823,100.0
7,5.7161111983041915,33.18162115301257,100.0
8,5.675360944535997,39.4234937147811,100.0
9,5.64132895545354,43.80147377546597,100.0
10,5.607171883658757,38.13755237682416,100.0
