epoch,train_loss,test_acc@1,test_acc@5
1,4.53346860408783,46.06741573033708,100.0
2,4.5043803453445435,46.06741573033708,100.0
