epoch,train_loss,test_acc@1,test_acc@5
1,6.53308679943993,69.18075422626788,100.0
2,6.1664822442190985,72.4100563502384,100.0
3,6.009004184177944,78.50744112122526,100.0
4,5.873882346683079,80.09680681982373,100.0
5,5.792834879860045,82.32191879786158,100.0
